【整租】吾家公寓 八卦岭 吾家社区,八卦岭,3680-3880,http://sz.58.com/pinpaigongyu/30523808824520x.shtml
【整租】西丽 留仙公馆 1室0厅,留仙公馆,2180,http://sz.58.com/pinpaigongyu/30523869372215x.shtml
【合租】南头 桃花园 3室主卧,桃花园,2500,http://sz.58.com/pinpaigongyu/30499063453249x.shtml
【整租】大浪 大浪易家青年公寓 1室0厅,【整租】大浪,2280,http://sz.58.com/pinpaigongyu/30036845184939x.shtml
【整租】科技园 函馆公寓 1室0厅,【整租】科技园,2600,http://sz.58.com/pinpaigongyu/30366660929870x.shtml
【合租】上梅林 颐林雅院 3室主卧,颐林雅院,2150,http://sz.58.com/pinpaigongyu/30499526926269x.shtml
【整租】西乡 ONE壹公寓 1室1厅,【整租】西乡,2080,http://sz.58.com/pinpaigongyu/30091808767926x.shtml
【整租】东门 怡泰大厦 1室1厅,怡泰大厦,2900,http://sz.58.com/pinpaigongyu/30460932224582x.shtml
【整租】梅林关口 鑫海公寓 1室1厅,【整租】梅林关口,2800,http://sz.58.com/pinpaigongyu/30346708254140x.shtml
【整租】西乡 ONE壹公寓 1室1厅,【整租】西乡,2300,http://sz.58.com/pinpaigongyu/30057651645489x.shtml
【整租】田贝 田贝花园 1室0厅,田贝花园,2300,http://sz.58.com/pinpaigongyu/30365567267529x.shtml
【整租】魔方公寓（深圳） 桃源村 桃源店,桃源村,3200-3800,http://sz.58.com/pinpaigongyu/30288526771004x.shtml
【合租】南头 英达钰龙园 4室主卧,英达钰龙园,2690,http://sz.58.com/pinpaigongyu/30311561081410x.shtml
【整租】田贝 田贝花园 1室0厅,田贝花园,2300,http://sz.58.com/pinpaigongyu/30288167951025x.shtml
【整租】福永 I+公寓 1室1厅,【整租】福永,2480,http://sz.58.com/pinpaigongyu/30510847009481x.shtml
【整租】魔方公寓（深圳） 蔡屋围 大剧院店,蔡屋围,3000-4300,http://sz.58.com/pinpaigongyu/30490960229432x.shtml
【整租】魔方公寓（深圳） 宝安中心区 深圳洪浪北店,宝安中心区,2000-3000,http://sz.58.com/pinpaigongyu/30290941123763x.shtml
【整租】魔方公寓（深圳） 新安 洪浪北店,新安,2000-2800,http://sz.58.com/pinpaigongyu/30290719956657x.shtml
【整租】华侨城 世界花园雅兰居 1室0厅,世界花园雅兰居,2500,http://sz.58.com/pinpaigongyu/30343797237431x.shtml
【整租】华强南 桐林公寓 1室0厅,【整租】华强南,2750,http://sz.58.com/pinpaigongyu/30487963045563x.shtml
【整租】吾家公寓 八卦岭 吾家社区,八卦岭,3680-3880,http://sz.58.com/pinpaigongyu/30523808824520x.shtml
【整租】西乡 地铁步行100米 1室0厅,地铁步行100米,2680,http://sz.58.com/pinpaigongyu/30445299989568x.shtml
【合租】下沙 下沙六坊 3室主卧,下沙六坊,2290,http://sz.58.com/pinpaigongyu/30500108803881x.shtml
【整租】中海怡翠 星窝公寓 1室1厅,【整租】中海怡翠,2280,http://sz.58.com/pinpaigongyu/30512279671466x.shtml
【整租】信义 星窝创客公寓 1室1厅,【整租】信义,2980,http://sz.58.com/pinpaigongyu/30454101240760x.shtml
【整租】西乡 ONE壹公寓 1室1厅,【整租】西乡,2200,http://sz.58.com/pinpaigongyu/30092277981000x.shtml
【整租】西乡 ONE壹公寓 1室1厅,【整租】西乡,2240,http://sz.58.com/pinpaigongyu/30091765225034x.shtml
【整租】中海怡翠 星窝创客公寓 1室1厅,【整租】中海怡翠,3680,http://sz.58.com/pinpaigongyu/30443059046965x.shtml
【整租】科技园 固戍 简客公寓 1室1厅,固戍,2880,http://sz.58.com/pinpaigongyu/30489935394256x.shtml
【合租】蛇口 广物花园 3室主卧,广物花园,2500,http://sz.58.com/pinpaigongyu/30499195679038x.shtml
【整租】华强南 桐林公寓 1室0厅,【整租】华强南,2750,http://sz.58.com/pinpaigongyu/30487963045563x.shtml
【整租】魔方公寓（深圳） 桃源村 桃源店,桃源村,3200-3800,http://sz.58.com/pinpaigongyu/30288526771004x.shtml
【合租】科技园 祥祺花园 5室主卧,祥祺花园,2299,http://sz.58.com/pinpaigongyu/30249233348278x.shtml
【整租】水贝 田贝新村 2室1厅,田贝新村,3600,http://sz.58.com/pinpaigongyu/30177501209292x.shtml
【合租】新洲 锦河苑 6室主卧,锦河苑,2500,http://sz.58.com/pinpaigongyu/30255607310282x.shtml
【整租】魔方公寓（深圳） 蔡屋围 大剧院店,蔡屋围,3000-4300,http://sz.58.com/pinpaigongyu/30490960229432x.shtml
【整租】田贝 田贝花园 1室0厅,田贝花园,2300,http://sz.58.com/pinpaigongyu/30188412010438x.shtml
【整租】华侨城 世界花园雅兰居 1室0厅,世界花园雅兰居,2300,http://sz.58.com/pinpaigongyu/30343853266240x.shtml
【整租】西丽 文光村 1室0厅,文光村,2380,http://sz.58.com/pinpaigongyu/30277588363052x.shtml
【整租】魔方公寓（深圳） 民治 万众城店,民治,2600-4500,http://sz.58.com/pinpaigongyu/30244895757251x.shtml
【整租】吾家公寓 八卦岭 吾家社区,八卦岭,3680-3880,http://sz.58.com/pinpaigongyu/30523808824520x.shtml
【合租】蛇口 广物花园 3室主卧,广物花园,2500,http://sz.58.com/pinpaigongyu/30499195679038x.shtml
【整租】西乡 ONE壹公寓 1室1厅,【整租】西乡,2500,http://sz.58.com/pinpaigongyu/30068154048971x.shtml
【整租】东门 怡泰大厦 1室1厅,怡泰大厦,2900,http://sz.58.com/pinpaigongyu/30460887849386x.shtml
【整租】西乡 YT公寓 1室1厅,【整租】西乡,2280,http://sz.58.com/pinpaigongyu/30477351117374x.shtml
【整租】梅林关口 鑫海公寓 1室0厅,【整租】梅林关口,2100,http://sz.58.com/pinpaigongyu/30346688832822x.shtml
【整租】西乡 ONE壹公寓 1室1厅,【整租】西乡,2000,http://sz.58.com/pinpaigongyu/30092365674821x.shtml
【整租】西乡 YT公寓 1室1厅,【整租】西乡,2080,http://sz.58.com/pinpaigongyu/30521307916734x.shtml
【整租】翠竹 怡泰大厦 1室1厅,怡泰大厦,2880,http://sz.58.com/pinpaigongyu/30411169381817x.shtml
【整租】下水径 星窝创客公寓 1室1厅,【整租】下水径,2980,http://sz.58.com/pinpaigongyu/30465204839603x.shtml
【整租】田贝 田贝花园 1室0厅,田贝花园,2300,http://sz.58.com/pinpaigongyu/30188412010438x.shtml
【整租】魔方公寓（深圳） 桃源村 桃源店,桃源村,3200-3800,http://sz.58.com/pinpaigongyu/30288526771004x.shtml
【整租】西丽 文光村 1室0厅,文光村,2380,http://sz.58.com/pinpaigongyu/30277588363052x.shtml
【整租】水贝 田贝新村 2室1厅,田贝新村,3492,http://sz.58.com/pinpaigongyu/30060333153217x.shtml
【整租】魔方公寓（深圳） 民治 万众城店,民治,2600-4500,http://sz.58.com/pinpaigongyu/30244895757251x.shtml
【整租】魔方公寓（深圳） 蔡屋围 大剧院店,蔡屋围,3000-4300,http://sz.58.com/pinpaigongyu/30490960229432x.shtml
【整租】洪湖 田贝花园 1室0厅,田贝花园,2300,http://sz.58.com/pinpaigongyu/30332373749687x.shtml
【整租】魔方公寓（深圳） 坂田 坂田店,坂田,2800-3800,http://sz.58.com/pinpaigongyu/30522918305085x.shtml
【合租】景田 万科城市花园 5室次卧,万科城市花园,2000,http://sz.58.com/pinpaigongyu/30181202801841x.shtml
【合租】南头 前海金岸 3室主卧,前海金岸,2090,http://sz.58.com/pinpaigongyu/30314286497087x.shtml
【整租】吾家公寓 八卦岭 吾家社区,八卦岭,3680-3880,http://sz.58.com/pinpaigongyu/30523808824520x.shtml
【整租】科技园 星港同创汇 1室1厅,星港同创汇,2480,http://sz.58.com/pinpaigongyu/30222716099139x.shtml
【整租】桃源村 集悦城 1室0厅,集悦城,2880,http://sz.58.com/pinpaigongyu/29974030396211x.shtml
【整租】福永 福永地铁站 1室1厅,福永地铁站,2580,http://sz.58.com/pinpaigongyu/30268731500478x.shtml
【整租】西乡 豪景苑旁 带装修 1室0厅,豪景苑旁,2580,http://sz.58.com/pinpaigongyu/30445437816505x.shtml
【整租】桃源村 集悦城 1室0厅,集悦城,2380,http://sz.58.com/pinpaigongyu/30334909247804x.shtml
【整租】西丽 壹公寓 1室0厅,【整租】西丽,2180,http://sz.58.com/pinpaigongyu/30502476388663x.shtml
【合租】新中心区 碧涛阁 3室主卧,碧涛阁,2350,http://sz.58.com/pinpaigongyu/30491599385152x.shtml
【整租】福永 福永地铁站 1室1厅,福永地铁站,2380,http://sz.58.com/pinpaigongyu/30288200171960x.shtml
【整租】西丽 深海公寓 1室0厅,【整租】西丽,2180,http://sz.58.com/pinpaigongyu/30510898687165x.shtml
【整租】洪湖 田贝花园 1室0厅,田贝花园,2298,http://sz.58.com/pinpaigongyu/30155509474510x.shtml
【整租】魔方公寓（深圳） 桃源村 桃源店,桃源村,3200-3800,http://sz.58.com/pinpaigongyu/30288526771004x.shtml
【合租】景田 万科城市花园 5室次卧,万科城市花园,2000,http://sz.58.com/pinpaigongyu/30193019410124x.shtml
【合租】景田 万科城市花园 5室次卧,万科城市花园,2100,http://sz.58.com/pinpaigongyu/30487921080398x.shtml
【整租】魔方公寓（深圳） 坂田 杨美店,坂田,2400-3000,http://sz.58.com/pinpaigongyu/30456030079669x.shtml
【整租】魔方公寓（深圳） 蔡屋围 大剧院店,蔡屋围,3000-4300,http://sz.58.com/pinpaigongyu/30490960229432x.shtml
【整租】魔方公寓（深圳） 国贸 魔方公寓国贸店,国贸,2800-4500,http://sz.58.com/pinpaigongyu/30302556784590x.shtml
【整租】水贝 田贝花园 1室0厅,田贝花园,2299,http://sz.58.com/pinpaigongyu/30055937799356x.shtml
【整租】魔方公寓（深圳） 龙华 利金城店,龙华,2450-2700,http://sz.58.com/pinpaigongyu/30257052318525x.shtml
【整租】魔方公寓（深圳） 国贸 魔方公寓国贸店,国贸,2800-3600,http://sz.58.com/pinpaigongyu/30467372914482x.shtml
【整租】吾家公寓 八卦岭 吾家社区,八卦岭,3680-3880,http://sz.58.com/pinpaigongyu/30523808824520x.shtml
【整租】西乡 万象新天附近 1室1厅,万象新天附近,2680,http://sz.58.com/pinpaigongyu/30411951894962x.shtml
【整租】丹竹头 星窝创客公寓 1室1厅,【整租】丹竹头,2380,http://sz.58.com/pinpaigongyu/30465138215995x.shtml
【整租】科技园 涵馆公寓 1室0厅,【整租】科技园,2600,http://sz.58.com/pinpaigongyu/30432787678778x.shtml
【合租】宝安中心区 丽晶国际 3室主卧,丽晶国际,2250,http://sz.58.com/pinpaigongyu/30491261999041x.shtml
【整租】西乡 ONE壹公寓 1室0厅,【整租】西乡,2750,http://sz.58.com/pinpaigongyu/30057644259392x.shtml
【合租】下沙 下沙五坊 3室主卧,下沙五坊,2000,http://sz.58.com/pinpaigongyu/30500109689412x.shtml
【整租】百鸽笼 星窝创客公寓 1室1厅,【整租】百鸽笼,2980,http://sz.58.com/pinpaigongyu/30509547979572x.shtml
【整租】西乡 万象新天 安静 1室1厅,万象新天,2680,http://sz.58.com/pinpaigongyu/30421627600946x.shtml
【整租】科技园 瑞兹公寓 1室0厅,【整租】科技园,2500,http://sz.58.com/pinpaigongyu/30387913801023x.shtml
【整租】福永 万科泊寓青年公寓 1室0厅,【整租】福永,2248,http://sz.58.com/pinpaigongyu/30069479871818x.shtml
【整租】魔方公寓（深圳） 桃源村 桃源店,桃源村,3200-3800,http://sz.58.com/pinpaigongyu/30288526771004x.shtml
【整租】福永 万科泊寓青年公寓 1室1厅,【整租】福永,2198,http://sz.58.com/pinpaigongyu/30278953984206x.shtml
【整租】洪湖 田贝花园 1室0厅,田贝花园,2300,http://sz.58.com/pinpaigongyu/30177567920199x.shtml
【整租】田贝 田贝花园 1室0厅,田贝花园,2298,http://sz.58.com/pinpaigongyu/30144413003344x.shtml
【整租】魔方公寓（深圳） 蔡屋围 大剧院店,蔡屋围,3000-4300,http://sz.58.com/pinpaigongyu/30490960229432x.shtml
【整租】洪湖 田贝花园 1室0厅,田贝花园,2300,http://sz.58.com/pinpaigongyu/30144706794561x.shtml
【整租】魔方公寓（深圳） 坂田 杨美店,坂田,2350-2800,http://sz.58.com/pinpaigongyu/30290968383923x.shtml
【整租】魔方公寓（深圳） 龙华 利金城店,龙华,2300-2700,http://sz.58.com/pinpaigongyu/30445105475131x.shtml
【整租】沙头角 南方明珠花园西区 1室1厅,南方明珠花园西区,2480,http://sz.58.com/pinpaigongyu/30166802627396x.shtml
【整租】吾家公寓 八卦岭 吾家社区,八卦岭,3680-3880,http://sz.58.com/pinpaigongyu/30523808824520x.shtml
【整租】东门 怡泰大厦 1室1厅,怡泰大厦,2800,http://sz.58.com/pinpaigongyu/30411397278024x.shtml
【整租】西乡 ONE壹公寓 1室1厅,【整租】西乡,2000,http://sz.58.com/pinpaigongyu/30104279757630x.shtml
【整租】丹竹头 星窝创客公寓 1室1厅,【整租】丹竹头,2380,http://sz.58.com/pinpaigongyu/30454058531125x.shtml
【整租】西乡 ONE壹公寓 1室1厅,【整租】西乡,2600,http://sz.58.com/pinpaigongyu/30070214871862x.shtml
【整租】下水径 星窝创客 1室1厅,星窝创客,2280,http://sz.58.com/pinpaigongyu/30367933136832x.shtml
【合租】皇岗 金港豪庭 3室主卧,金港豪庭,2100,http://sz.58.com/pinpaigongyu/30499448356139x.shtml
【整租】西乡 固戍华庭附近 1室0厅,固戍华庭附近,2180,http://sz.58.com/pinpaigongyu/30412446547640x.shtml
【合租】购物公园 中海华庭 3室主卧,中海华庭,2150,http://sz.58.com/pinpaigongyu/30499270992441x.shtml
【整租】西乡 壹航公寓 1室1厅,【整租】西乡,2200,http://sz.58.com/pinpaigongyu/30102637253199x.shtml
【整租】洪湖 田贝花园 1室0厅,田贝花园,2300,http://sz.58.com/pinpaigongyu/30066864536902x.shtml
【整租】魔方公寓（深圳） 桃源村 桃源店,桃源村,3200-3800,http://sz.58.com/pinpaigongyu/30288526771004x.shtml
【整租】魔方公寓（深圳） 桃源村 桃源店,桃源村,3300-3900,http://sz.58.com/pinpaigongyu/30292065722420x.shtml
【整租】魔方公寓（深圳） 龙华 利金城店,龙华,2400-3400,http://sz.58.com/pinpaigongyu/30401415155123x.shtml
【整租】福永 福永万科泊寓 1室1厅,福永万科泊寓,2442,http://sz.58.com/pinpaigongyu/30213317015999x.shtml
【整租】魔方公寓（深圳） 蔡屋围 大剧院店,蔡屋围,3000-4300,http://sz.58.com/pinpaigongyu/30490960229432x.shtml
【整租】福永 泊寓城市青年公寓 1室1厅,【整租】福永,2498,http://sz.58.com/pinpaigongyu/30533509529009x.shtml
【合租】前海 阳光棕榈园 3室主卧,阳光棕榈园,2090,http://sz.58.com/pinpaigongyu/30314463392717x.shtml
【整租】沙头角 中信海滨花园 1室1厅,中信海滨花园,2480,http://sz.58.com/pinpaigongyu/30171403836344x.shtml
【整租】龙华 特发和平里 1室1厅,特发和平里,3580,http://sz.58.com/pinpaigongyu/30532789235883x.shtml
【整租】吾家公寓 八卦岭 吾家社区,八卦岭,3680-3880,http://sz.58.com/pinpaigongyu/30523808824520x.shtml
【合租】南头 桃苑公寓 3室主卧,【合租】南头,2000,http://sz.58.com/pinpaigongyu/30499064149046x.shtml
【整租】西乡 ONE壹公寓 1室1厅,【整租】西乡,2300,http://sz.58.com/pinpaigongyu/30057551173575x.shtml
【整租】西乡 ONE壹公寓 1室1厅,【整租】西乡,2000,http://sz.58.com/pinpaigongyu/30135376159658x.shtml
【整租】南山区政府 西乡 拎包入住 1室0厅,西乡,2180,http://sz.58.com/pinpaigongyu/30444092225479x.shtml
【整租】科技园 乐寓 1室0厅,乐寓,2280,http://sz.58.com/pinpaigongyu/30278808010026x.shtml
【整租】罗湖区委 怡泰大厦 1室1厅,怡泰大厦,2900,http://sz.58.com/pinpaigongyu/30411092337231x.shtml
【整租】西丽 留仙洞电梯 1室0厅,留仙洞电梯,2180,http://sz.58.com/pinpaigongyu/30303464085562x.shtml
【整租】科技园 YT公寓 1室1厅,【整租】科技园,2080,http://sz.58.com/pinpaigongyu/30454618108599x.shtml
【整租】西乡 ONE壹公寓 1室1厅,【整租】西乡,2600,http://sz.58.com/pinpaigongyu/30070216762938x.shtml
【整租】水贝 田贝新村 2室1厅,田贝新村,3600,http://sz.58.com/pinpaigongyu/30299741334590x.shtml
【整租】魔方公寓（深圳） 桃源村 桃源店,桃源村,3200-3800,http://sz.58.com/pinpaigongyu/30288526771004x.shtml
【合租】华侨城 碧茵苑 4室主卧,碧茵苑,2500,http://sz.58.com/pinpaigongyu/30521210719564x.shtml
【整租】魔方公寓（深圳） 民治 万众城店,民治,2500-4000,http://sz.58.com/pinpaigongyu/30489332967356x.shtml
【合租】车公庙 碧海红树园 4室主卧,碧海红树园,2390,http://sz.58.com/pinpaigongyu/30314326572239x.shtml
【整租】魔方公寓（深圳） 蔡屋围 大剧院店,蔡屋围,3000-4300,http://sz.58.com/pinpaigongyu/30490960229432x.shtml
【整租】福永 泊寓青年公寓 1室1厅,【整租】福永,2498,http://sz.58.com/pinpaigongyu/30047931442379x.shtml
【整租】科技园 万科泊寓青年社区 1室0厅,【整租】科技园,2798,http://sz.58.com/pinpaigongyu/29628661836870x.shtml
【整租】南油 金晖大厦 1室1厅,金晖大厦,3200,http://sz.58.com/pinpaigongyu/30290119489990x.shtml
【整租】魔方公寓（深圳） 民治 万众城店,民治,2800-4200,http://sz.58.com/pinpaigongyu/30445801993793x.shtml
【整租】吾家公寓 八卦岭 吾家社区,八卦岭,3680-3880,http://sz.58.com/pinpaigongyu/30523808824520x.shtml
【整租】西丽 集悦城 1室0厅,集悦城,2150,http://sz.58.com/pinpaigongyu/30258226358953x.shtml
【合租】石厦 明月花园 3室主卧,明月花园,2000,http://sz.58.com/pinpaigongyu/30500206592043x.shtml
【整租】科技园 九号公寓 1室0厅,【整租】科技园,2500,http://sz.58.com/pinpaigongyu/30269188784299x.shtml
【整租】西乡 ONE壹公寓 1室1厅,【整租】西乡,2500,http://sz.58.com/pinpaigongyu/30070226040505x.shtml
【整租】留医部 怡泰大厦 1室1厅,怡泰大厦,2880,http://sz.58.com/pinpaigongyu/30411810584646x.shtml
【合租】皇岗 金怡华庭 3室主卧,金怡华庭,2530,http://sz.58.com/pinpaigongyu/30499447923535x.shtml
【整租】西乡 壹航公寓 1室1厅,【整租】西乡,2100,http://sz.58.com/pinpaigongyu/30156833428291x.shtml
【整租】科技园 九号公寓 1室0厅,【整租】科技园,2500,http://sz.58.com/pinpaigongyu/30123695748432x.shtml
【整租】西乡 ONE壹公寓 1室1厅,【整租】西乡,2600,http://sz.58.com/pinpaigongyu/30070223040950x.shtml
【整租】蛇口 栖游记 1室0厅,栖游记,3700,http://sz.58.com/pinpaigongyu/30510363282483x.shtml
【整租】魔方公寓（深圳） 桃源村 桃源店,桃源村,3200-3800,http://sz.58.com/pinpaigongyu/30288526771004x.shtml
【合租】南山周边 碧海天家园 3室主卧,碧海天家园,2300,http://sz.58.com/pinpaigongyu/30388693277362x.shtml
【整租】洪湖 田贝花园 1室0厅,田贝花园,2500,http://sz.58.com/pinpaigongyu/30531523585716x.shtml
【整租】福永 I+公寓 1室1厅,【整租】福永,2480,http://sz.58.com/pinpaigongyu/30157597972660x.shtml
【整租】魔方公寓（深圳） 蔡屋围 大剧院店,蔡屋围,3000-4300,http://sz.58.com/pinpaigongyu/30490960229432x.shtml
【整租】魔方公寓（深圳） 民治 万众城店,民治,2800-3100,http://sz.58.com/pinpaigongyu/29060683844284x.shtml
【合租】南头 金桃园大厦 3室主卧,金桃园大厦,2000,http://sz.58.com/pinpaigongyu/30389020658122x.shtml
【合租】南头 康乐大厦 3室主卧,康乐大厦,2200,http://sz.58.com/pinpaigongyu/30412974076212x.shtml
【整租】福田区委 新天世纪商务中心 1室0厅,新天世纪商务中心,3799,http://sz.58.com/pinpaigongyu/30111386687433x.shtml
【整租】吾家公寓 八卦岭 吾家社区,八卦岭,3680-3880,http://sz.58.com/pinpaigongyu/30523808824520x.shtml
【整租】西乡 ONE壹公寓 1室1厅,【整租】西乡,2000,http://sz.58.com/pinpaigongyu/30080427595343x.shtml
【合租】西乡 鑫威大厦 3室主卧,鑫威大厦,2300,http://sz.58.com/pinpaigongyu/30491409989046x.shtml
【整租】西乡 YT公寓 1室1厅,【整租】西乡,2080,http://sz.58.com/pinpaigongyu/30521302665025x.shtml
【整租】平湖 瑞兹精品公寓 1室1厅,【整租】平湖,2880,http://sz.58.com/pinpaigongyu/30277987521841x.shtml
【整租】深圳北站 鑫海公寓 1室1厅,【整租】深圳北站,2600,http://sz.58.com/pinpaigongyu/30346630465740x.shtml
【整租】桃源村 集悦城 1室0厅,集悦城,2180,http://sz.58.com/pinpaigongyu/30411702568265x.shtml
【整租】西乡 ONE壹公寓 1室0厅,【整租】西乡,2450,http://sz.58.com/pinpaigongyu/30057536643275x.shtml
【整租】福永 福永地铁站 1室1厅,福永地铁站,2080,http://sz.58.com/pinpaigongyu/30268605260605x.shtml
【合租】下沙 下沙七坊 3室主卧,下沙七坊,2560,http://sz.58.com/pinpaigongyu/30500108061513x.shtml
【整租】蔡屋围 红桂皇冠名庭 1室0厅,红桂皇冠名庭,3299,http://sz.58.com/pinpaigongyu/30068937011918x.shtml
【整租】魔方公寓（深圳） 桃源村 桃源店,桃源村,3200-3800,http://sz.58.com/pinpaigongyu/30288526771004x.shtml
【整租】洪湖 田贝花园 1室0厅,田贝花园,2300,http://sz.58.com/pinpaigongyu/30232734323382x.shtml
【整租】沙头角 中英街壹号 1室1厅,中英街壹号,2680,http://sz.58.com/pinpaigongyu/30433499195970x.shtml
【整租】魔方公寓（深圳） 西丽 西丽南路店,西丽,2900-3700,http://sz.58.com/pinpaigongyu/30368561503556x.shtml
【整租】魔方公寓（深圳） 蔡屋围 大剧院店,蔡屋围,3000-4300,http://sz.58.com/pinpaigongyu/30490960229432x.shtml
【整租】魔方公寓（深圳） 国贸 魔方公寓国贸店,国贸,3000-3800,http://sz.58.com/pinpaigongyu/30401050421966x.shtml
【整租】景田 新景苑(福田) 1室0厅,新景苑(福田),3100,http://sz.58.com/pinpaigongyu/30089398004670x.shtml
【合租】石厦 高发小区 4室次卧,高发小区,2200,http://sz.58.com/pinpaigongyu/30299352185287x.shtml
【整租】魔方公寓（深圳） 国贸 魔方公寓国贸店,国贸,3000-3500,http://sz.58.com/pinpaigongyu/30522673589069x.shtml
【整租】吾家公寓 八卦岭 吾家社区,八卦岭,3680-3880,http://sz.58.com/pinpaigongyu/30523808824520x.shtml
【整租】丹竹头 星窝创客公寓 1室1厅,【整租】丹竹头,2380,http://sz.58.com/pinpaigongyu/30476192499007x.shtml
【整租】西乡 ONE壹公寓 1室1厅,【整租】西乡,3000,http://sz.58.com/pinpaigongyu/30080656601142x.shtml
【整租】科技园 九号公寓 1室0厅,【整租】科技园,2500,http://sz.58.com/pinpaigongyu/30258418082367x.shtml
【整租】布吉关 星窝创客公寓 1室1厅,【整租】布吉关,2680,http://sz.58.com/pinpaigongyu/30532473807146x.shtml
【整租】西乡 ONE壹公寓 1室1厅,【整租】西乡,3266,http://sz.58.com/pinpaigongyu/30081888471373x.shtml
【整租】西乡 ONE壹公寓 1室1厅,【整租】西乡,2100,http://sz.58.com/pinpaigongyu/30070243382955x.shtml
【整租】西乡 星窝公寓 1室1厅,【整租】西乡,2180,http://sz.58.com/pinpaigongyu/30336343906612x.shtml
【整租】大运新城 花半里欣悦广场 1室1厅,花半里欣悦广场,2300,http://sz.58.com/pinpaigongyu/30301969813417x.shtml
【整租】西丽 集悦城 1室0厅,集悦城,2150,http://sz.58.com/pinpaigongyu/30301612554188x.shtml
【整租】蛇口 栖游记 1室0厅,栖游记,3700,http://sz.58.com/pinpaigongyu/30144860383939x.shtml
【整租】魔方公寓（深圳） 桃源村 桃源店,桃源村,3200-3800,http://sz.58.com/pinpaigongyu/30288526771004x.shtml
【整租】莲花北村 莲丰雅苑 1室0厅,莲丰雅苑,3300,http://sz.58.com/pinpaigongyu/30379985910472x.shtml
【合租】华侨城 世界花园樱花居 5室主卧,世界花园樱花居,2499,http://sz.58.com/pinpaigongyu/30105608857039x.shtml
【整租】魔方公寓（深圳） 坂田 杨美店,坂田,2400-2800,http://sz.58.com/pinpaigongyu/30412901798976x.shtml
【整租】魔方公寓（深圳） 蔡屋围 大剧院店,蔡屋围,3000-4300,http://sz.58.com/pinpaigongyu/30490960229432x.shtml
【整租】魔方公寓（深圳） 横岗 横岗店,横岗,2200-2800,http://sz.58.com/pinpaigongyu/30258254084682x.shtml
【整租】福永 I+公寓（地铁站 1室1厅,【整租】福永,2480,http://sz.58.com/pinpaigongyu/30480712548274x.shtml
【整租】福永 福永 万科泊寓 1室1厅,福永,2498,http://sz.58.com/pinpaigongyu/30047632553029x.shtml
【整租】魔方公寓（深圳） 国贸 魔方公寓国贸店,国贸,3480-4380,http://sz.58.com/pinpaigongyu/30479003783479x.shtml
【整租】吾家公寓 八卦岭 吾家社区,八卦岭,3680-3880,http://sz.58.com/pinpaigongyu/30523808824520x.shtml
【整租】科技园 九号公寓 1室1厅,【整租】科技园,2500,http://sz.58.com/pinpaigongyu/30123587663286x.shtml
【整租】百鸽笼 星窝创客公寓 1室1厅,【整租】百鸽笼,2380,http://sz.58.com/pinpaigongyu/30465175658168x.shtml
【整租】西丽 壹公寓 1室0厅,【整租】西丽,2180,http://sz.58.com/pinpaigongyu/30501038476221x.shtml
【合租】宝安中心区 西城上筑 3室主卧,西城上筑,2500,http://sz.58.com/pinpaigongyu/30491261394997x.shtml
【整租】下水径 星窝创客公寓 1室1厅,【整租】下水径,2680,http://sz.58.com/pinpaigongyu/30488521222214x.shtml
【整租】西乡 豪景苑附近 1室1厅,豪景苑附近,3580,http://sz.58.com/pinpaigongyu/30410841102909x.shtml
【合租】景田 嘉麟豪庭 3室主卧,嘉麟豪庭,2200,http://sz.58.com/pinpaigongyu/30499490237133x.shtml
【整租】民治 鑫海公寓 1室0厅,【整租】民治,2300,http://sz.58.com/pinpaigongyu/30346796055872x.shtml
【整租】科技园 松坪村小区 1室0厅,松坪村小区,2600,http://sz.58.com/pinpaigongyu/30433410345143x.shtml
【整租】魔方公寓（深圳） 桃源村 桃源店,桃源村,3200-4500,http://sz.58.com/pinpaigongyu/30365747804978x.shtml
【整租】魔方公寓（深圳） 桃源村 桃源店,桃源村,3200-3800,http://sz.58.com/pinpaigongyu/30288526771004x.shtml
【整租】沙头角 中信海滨花园 1室1厅,中信海滨花园,2480,http://sz.58.com/pinpaigongyu/30005021571521x.shtml
【合租】华侨城 荔园新村 7室次卧,荔园新村,2100,http://sz.58.com/pinpaigongyu/30090021500358x.shtml
【整租】上沙 椰树花园 5室1厅,椰树花园,2170,http://sz.58.com/pinpaigongyu/29329424535217x.shtml
【整租】魔方公寓（深圳） 蔡屋围 大剧院店,蔡屋围,3000-4300,http://sz.58.com/pinpaigongyu/30490960229432x.shtml
【整租】田贝 田贝花园 1室0厅,田贝花园,2299,http://sz.58.com/pinpaigongyu/30033763203900x.shtml
【整租】沙头角 南方明珠花园西区 1室1厅,南方明珠花园西区,2480,http://sz.58.com/pinpaigongyu/29959774515268x.shtml
【整租】魔方公寓（深圳） 龙华 利金城店,龙华,2300-2800,http://sz.58.com/pinpaigongyu/29716995885225x.shtml
【整租】魔方公寓（深圳） 横岗 横岗店,横岗,2000-2800,http://sz.58.com/pinpaigongyu/30288139564105x.shtml
【整租】吾家公寓 八卦岭 吾家社区,八卦岭,3680-3880,http://sz.58.com/pinpaigongyu/30523808824520x.shtml
【整租】科技园 涵馆公寓 1室0厅,【整租】科技园,2600,http://sz.58.com/pinpaigongyu/30366688073142x.shtml
【整租】深圳北站 鑫海公寓 1室1厅,【整租】深圳北站,2600,http://sz.58.com/pinpaigongyu/30346812113743x.shtml
【整租】福永 福永地铁站 1室1厅,福永地铁站,2080,http://sz.58.com/pinpaigongyu/30288155661121x.shtml
【整租】洪湖 怡泰大厦 1室1厅,怡泰大厦,2900,http://sz.58.com/pinpaigongyu/30450031121597x.shtml
【整租】科技园 瑞兹公寓 1室0厅,【整租】科技园,2500,http://sz.58.com/pinpaigongyu/30301650635455x.shtml
【整租】丹竹头 星窝创客公寓 1室1厅,【整租】丹竹头,2680,http://sz.58.com/pinpaigongyu/30465191352252x.shtml
【整租】大芬村 星窝创客公寓 1室1厅,【整租】大芬村,2680,http://sz.58.com/pinpaigongyu/30465200595012x.shtml
【整租】桃源村 集悦城 1室0厅,集悦城,2280,http://sz.58.com/pinpaigongyu/30411720916415x.shtml
【整租】东门 怡泰大厦 1室1厅,怡泰大厦,2900,http://sz.58.com/pinpaigongyu/30410967467337x.shtml
【整租】洪湖 田贝花园 1室0厅,田贝花园,2300,http://sz.58.com/pinpaigongyu/30332372258627x.shtml
【整租】魔方公寓（深圳） 桃源村 桃源店,桃源村,3200-3800,http://sz.58.com/pinpaigongyu/30288526771004x.shtml
【合租】前海 港湾丽都 3室主卧,港湾丽都,2100,http://sz.58.com/pinpaigongyu/30388946646848x.shtml
【整租】龙华 特发和平里 1室1厅,特发和平里,3580,http://sz.58.com/pinpaigongyu/30443286577870x.shtml
【整租】魔方公寓（深圳） 横岗 横岗店,横岗,2250-3200,http://sz.58.com/pinpaigongyu/30056047654841x.shtml
【整租】魔方公寓（深圳） 蔡屋围 大剧院店,蔡屋围,3000-4300,http://sz.58.com/pinpaigongyu/30490960229432x.shtml
【整租】水贝 田贝花园 1室0厅,田贝花园,2298,http://sz.58.com/pinpaigongyu/30265936009031x.shtml
【整租】南油 四达大厦 1室1厅,四达大厦,3600,http://sz.58.com/pinpaigongyu/30487526451526x.shtml
【整租】下水径 下水径地铁A出口 1室0厅,下水径地铁A出口,2000,http://sz.58.com/pinpaigongyu/29771624578612x.shtml
【整租】洪湖 田贝花园 1室0厅,田贝花园,2299,http://sz.58.com/pinpaigongyu/30060362754603x.shtml
【整租】吾家公寓 八卦岭 吾家社区,八卦岭,3680-3880,http://sz.58.com/pinpaigongyu/30523808824520x.shtml
【整租】长龙 星窝创客公寓 1室1厅,【整租】长龙,2980,http://sz.58.com/pinpaigongyu/30488457529546x.shtml
【整租】国贸 怡泰大厦 1室1厅,怡泰大厦,2900,http://sz.58.com/pinpaigongyu/30466330795069x.shtml
【整租】下水径 星窝创客公寓 1室0厅,【整租】下水径,2080,http://sz.58.com/pinpaigongyu/30465914992585x.shtml
【整租】西乡 ONE壹公寓 1室1厅,【整租】西乡,2210,http://sz.58.com/pinpaigongyu/30081789472822x.shtml
【整租】西乡 星港同创汇 1室1厅,星港同创汇,2380,http://sz.58.com/pinpaigongyu/30222604046016x.shtml
【合租】车公庙 福民新苑 3室主卧,福民新苑,2200,http://sz.58.com/pinpaigongyu/30499325914795x.shtml
【整租】福永 福永 1室1厅,福永,2080,http://sz.58.com/pinpaigongyu/30490917419981x.shtml
【整租】西乡 ONE壹公寓 1室1厅,【整租】西乡,2250,http://sz.58.com/pinpaigongyu/30081809293641x.shtml
【合租】新洲 福瑞阁 3室主卧,福瑞阁,2560,http://sz.58.com/pinpaigongyu/30500156410056x.shtml
【整租】洪湖 田贝花园 1室0厅,田贝花园,2300,http://sz.58.com/pinpaigongyu/30038615077036x.shtml
【整租】魔方公寓（深圳） 桃源村 桃源店,桃源村,3200-3800,http://sz.58.com/pinpaigongyu/30288526771004x.shtml
【整租】石厦 新天世纪商务中心 1室0厅,新天世纪商务中心,4000,http://sz.58.com/pinpaigongyu/30503979089470x.shtml
【整租】田贝 田贝花园 1室1厅,田贝花园,3100,http://sz.58.com/pinpaigongyu/30155426567489x.shtml
【合租】前海 星海名城 4室主卧,星海名城,2600,http://sz.58.com/pinpaigongyu/30134672165051x.shtml
【整租】魔方公寓（深圳） 蔡屋围 大剧院店,蔡屋围,3000-4300,http://sz.58.com/pinpaigongyu/30490960229432x.shtml
【整租】洪湖 田贝花园 1室0厅,田贝花园,2298,http://sz.58.com/pinpaigongyu/30288382563625x.shtml
【整租】魔方公寓（深圳） 坂田 坂田店,坂田,2000-2800,http://sz.58.com/pinpaigongyu/30069323074756x.shtml
【整租】景田 景田双地铁出口 1室0厅,景田双地铁出口,3000,http://sz.58.com/pinpaigongyu/30060550939178x.shtml
【整租】魔方公寓（深圳） 民治 万众城店,民治,2800-3500,http://sz.58.com/pinpaigongyu/30456448709053x.shtml
【整租】吾家公寓 八卦岭 吾家社区,八卦岭,3680-3880,http://sz.58.com/pinpaigongyu/30523808824520x.shtml
【整租】科技园 九号公寓 1室0厅,【整租】科技园,2500,http://sz.58.com/pinpaigongyu/30123771583163x.shtml
【整租】福永 福永地铁站 1室1厅,福永地铁站,2280,http://sz.58.com/pinpaigongyu/30268674453182x.shtml
【整租】八卦岭 八卦岭鹏基公寓 1室0厅,【整租】八卦岭,3880,http://sz.58.com/pinpaigongyu/30337049114441x.shtml
【整租】桃源村 集悦城 1室1厅,集悦城,2750,http://sz.58.com/pinpaigongyu/30334965402560x.shtml
【合租】科技园 深南花园 3室主卧,深南花园,2150,http://sz.58.com/pinpaigongyu/30498895598149x.shtml
【整租】桃源村 集悦城 1室0厅,集悦城,2150,http://sz.58.com/pinpaigongyu/29973236113725x.shtml
【整租】科技园 乐寓 1室0厅,乐寓,2500,http://sz.58.com/pinpaigongyu/30278784256329x.shtml
【整租】西乡 壹公寓 1室1厅,【整租】西乡,2500,http://sz.58.com/pinpaigongyu/30181284535868x.shtml
【整租】东门 怡泰大厦 1室1厅,怡泰大厦,2900,http://sz.58.com/pinpaigongyu/30450174532807x.shtml
【合租】前海 星海名城一期 3室主卧,星海名城一期,2100,http://sz.58.com/pinpaigongyu/30388927814586x.shtml
【整租】魔方公寓（深圳） 桃源村 桃源店,桃源村,3200-3800,http://sz.58.com/pinpaigongyu/30288526771004x.shtml
【合租】福华新村 皇洲花园 4室主卧,皇洲花园,2690,http://sz.58.com/pinpaigongyu/30314311728581x.shtml
【整租】魔方公寓（深圳） 国贸 魔方公寓国贸店,国贸,2900-3700,http://sz.58.com/pinpaigongyu/30335518418986x.shtml
【合租】景田 万科城市花园 5室次卧,万科城市花园,2300,http://sz.58.com/pinpaigongyu/30044865640524x.shtml
【整租】魔方公寓（深圳） 蔡屋围 大剧院店,蔡屋围,3000-4300,http://sz.58.com/pinpaigongyu/30490960229432x.shtml
【整租】西丽 文光村 1室0厅,文光村,2380,http://sz.58.com/pinpaigongyu/30411255323196x.shtml
【整租】蛇口 栖游记 1室1厅,栖游记,3800,http://sz.58.com/pinpaigongyu/30166604194633x.shtml
【整租】魔方公寓（深圳） 坂田 杨美店,坂田,2400-2700,http://sz.58.com/pinpaigongyu/30379542119748x.shtml
【合租】后海 蔚蓝海岸三期 3室主卧,蔚蓝海岸三期,2500,http://sz.58.com/pinpaigongyu/30457174932816x.shtml
【整租】吾家公寓 八卦岭 吾家社区,八卦岭,3680-3880,http://sz.58.com/pinpaigongyu/30523808824520x.shtml
【整租】西丽 壹公寓 1室0厅,【整租】西丽,2180,http://sz.58.com/pinpaigongyu/30523533084239x.shtml
【整租】西乡 ONE壹公寓 1室1厅,【整租】西乡,2000,http://sz.58.com/pinpaigongyu/30091690768186x.shtml
【整租】西丽 集悦城公寓 1室0厅,【整租】西丽,2150,http://sz.58.com/pinpaigongyu/30081052342336x.shtml
【整租】西乡 ONE壹公寓 1室1厅,【整租】西乡,2200,http://sz.58.com/pinpaigongyu/30070309107370x.shtml
【整租】布吉街 星窝创客公寓 1室1厅,【整租】布吉街,2980,http://sz.58.com/pinpaigongyu/30509491851433x.shtml
【整租】西丽 深海壹公寓 1室0厅,【整租】西丽,2180,http://sz.58.com/pinpaigongyu/30258055761842x.shtml
【整租】留医部 怡泰大厦 1室1厅,怡泰大厦,2900,http://sz.58.com/pinpaigongyu/30450143423546x.shtml
【合租】购物公园 中海华庭 3室主卧,中海华庭,2500,http://sz.58.com/pinpaigongyu/30499269678897x.shtml
【整租】西丽 君悦居 1室1厅,君悦居,2500,http://sz.58.com/pinpaigongyu/30222852560945x.shtml
【整租】魔方公寓（深圳） 民治 万众城店,民治,2600-3700,http://sz.58.com/pinpaigongyu/30479046529212x.shtml
【整租】魔方公寓（深圳） 桃源村 桃源店,桃源村,3200-3800,http://sz.58.com/pinpaigongyu/30288526771004x.shtml
【整租】蛇口 栖游记 1室0厅,栖游记,3700,http://sz.58.com/pinpaigongyu/30523060657726x.shtml
【整租】华侨城 荔园新村 1室0厅,荔园新村,2400,http://sz.58.com/pinpaigongyu/30255173560252x.shtml
【整租】洪湖 田贝花园 1室1厅,田贝花园,3500,http://sz.58.com/pinpaigongyu/30077861488427x.shtml
【整租】魔方公寓（深圳） 蔡屋围 大剧院店,蔡屋围,3000-4300,http://sz.58.com/pinpaigongyu/30490960229432x.shtml
【整租】蔡屋围 幸福华府 1室1厅,幸福华府,4000,http://sz.58.com/pinpaigongyu/30345398471117x.shtml
【合租】华侨城 世界花园雅兰居 5室主卧,世界花园雅兰居,2299,http://sz.58.com/pinpaigongyu/30266277800251x.shtml
【整租】蛇口 栖游记 1室0厅,栖游记,3800,http://sz.58.com/pinpaigongyu/29051978020910x.shtml
【整租】水贝 田贝新村 2室1厅,田贝新村,3698,http://sz.58.com/pinpaigongyu/30199713209911x.shtml
【整租】吾家公寓 八卦岭 吾家社区,八卦岭,3680-3880,http://sz.58.com/pinpaigongyu/30523808824520x.shtml
【整租】西乡 ONE壹公寓 1室0厅,【整租】西乡,2550,http://sz.58.com/pinpaigongyu/30135466250417x.shtml
【整租】西乡 直达购物公园 1室1厅,直达购物公园,2880,http://sz.58.com/pinpaigongyu/30421517716042x.shtml
【整租】西乡 ONE壹公寓 1室1厅,【整租】西乡,2740,http://sz.58.com/pinpaigongyu/30135361684419x.shtml
【整租】洪湖 怡泰大厦 1室1厅,怡泰大厦,2900,http://sz.58.com/pinpaigongyu/30465517902529x.shtml
【合租】后海 后海名苑居北区 3室主卧,后海名苑居北区,2500,http://sz.58.com/pinpaigongyu/30499132009129x.shtml
【整租】桃源村 集悦城 1室1厅,集悦城,3000,http://sz.58.com/pinpaigongyu/30258243912258x.shtml
【整租】西丽 留仙洞 1室0厅,留仙洞,2180,http://sz.58.com/pinpaigongyu/30347036872770x.shtml
【整租】西丽 君悦居 1室1厅,君悦居,2500,http://sz.58.com/pinpaigongyu/30222852560945x.shtml
【整租】西乡 ONE壹公寓 1室1厅,【整租】西乡,2240,http://sz.58.com/pinpaigongyu/30091704451271x.shtml
【整租】魔方公寓（深圳） 坂田 坂田店,坂田,2500-2700,http://sz.58.com/pinpaigongyu/30479181338154x.shtml
【整租】魔方公寓（深圳） 龙华 利金城店,龙华,2400-2800,http://sz.58.com/pinpaigongyu/30533504725300x.shtml
【整租】魔方公寓（深圳） 民治 万众城店,民治,2800-3900,http://sz.58.com/pinpaigongyu/30401076555078x.shtml
【整租】魔方公寓（深圳） 国贸 魔方公寓国贸店,国贸,2700-3800,http://sz.58.com/pinpaigongyu/30134306009927x.shtml
【整租】魔方公寓（深圳） 国贸 魔方公寓国贸店,国贸,3200-3800,http://sz.58.com/pinpaigongyu/30288244338601x.shtml
【整租】魔方公寓（深圳） 桃源村 桃源店,桃源村,3200-3800,http://sz.58.com/pinpaigongyu/30288526771004x.shtml
【整租】魔方公寓（深圳） 国贸 魔方公寓国贸店,国贸,2800-3800,http://sz.58.com/pinpaigongyu/30388536410949x.shtml
【整租】魔方公寓（深圳） 龙华 利金城店,龙华,2400-3400,http://sz.58.com/pinpaigongyu/30412185078314x.shtml
【整租】魔方公寓（深圳） 坂田 杨美店,坂田,2200-2800,http://sz.58.com/pinpaigongyu/30522952328521x.shtml
【整租】龙华 特发和平里 1室1厅,特发和平里,3580,http://sz.58.com/pinpaigongyu/30392356459841x.shtml
【整租】吾家公寓 八卦岭 吾家社区,八卦岭,3680-3880,http://sz.58.com/pinpaigongyu/30523808824520x.shtml
【整租】布吉关 星窝创客公寓 1室1厅,【整租】布吉关,2380,http://sz.58.com/pinpaigongyu/30465102239032x.shtml
【整租】康桥 星窝创客公寓 1室1厅,【整租】康桥,2680,http://sz.58.com/pinpaigongyu/30500815577779x.shtml
【整租】福永 福永地铁站 1室1厅,福永地铁站,2680,http://sz.58.com/pinpaigongyu/30268771321543x.shtml
【整租】长龙 星窝创客公寓 1室1厅,【整租】长龙,2680,http://sz.58.com/pinpaigongyu/30509517239624x.shtml
【整租】布吉关 星窝创客公寓 1室1厅,【整租】布吉关,2580,http://sz.58.com/pinpaigongyu/30465185580101x.shtml
【整租】园岭 八卦岭 1室0厅,八卦岭,3880,http://sz.58.com/pinpaigongyu/30412625616063x.shtml
【整租】西丽 集悦城 1室0厅,集悦城,2300,http://sz.58.com/pinpaigongyu/30257683087433x.shtml
【整租】西乡 ONE壹公寓 1室1厅,【整租】西乡,2200,http://sz.58.com/pinpaigongyu/30091692486323x.shtml
【整租】大浪 大浪易家青年公寓 1室1厅,【整租】大浪,2480,http://sz.58.com/pinpaigongyu/30182925117368x.shtml
【整租】田贝 田贝花园 1室1厅,田贝花园,3100,http://sz.58.com/pinpaigongyu/30144369408443x.shtml
【整租】魔方公寓（深圳） 龙华 利金城店,龙华,2400-2800,http://sz.58.com/pinpaigongyu/30533504725300x.shtml
【整租】沙头角 南方明珠花园西区 1室1厅,南方明珠花园西区,2480,http://sz.58.com/pinpaigongyu/29966883302342x.shtml
【整租】笋岗 红桂皇冠名庭 1室0厅,红桂皇冠名庭,3300,http://sz.58.com/pinpaigongyu/30077906453706x.shtml
【整租】魔方公寓（深圳） 蔡屋围 大剧院店,蔡屋围,2800-4500,http://sz.58.com/pinpaigongyu/30379222178382x.shtml
【整租】魔方公寓（深圳） 桃源村 桃源店,桃源村,3200-3800,http://sz.58.com/pinpaigongyu/30288526771004x.shtml
【整租】西乡 百佳华大厦 3室2厅,百佳华大厦,3200,http://sz.58.com/pinpaigongyu/30189153720140x.shtml
【整租】笋岗 红桂皇冠名庭 1室0厅,红桂皇冠名庭,3300,http://sz.58.com/pinpaigongyu/30066873745345x.shtml
【整租】优家青年公寓 坂田 优家青年公寓,坂田,2950-3350,http://sz.58.com/pinpaigongyu/29926770500010x.shtml
【整租】南头 荔芳村 1室1厅,荔芳村,2600,http://sz.58.com/pinpaigongyu/30222382752442x.shtml
【整租】吾家公寓 八卦岭 吾家社区,八卦岭,3680-3880,http://sz.58.com/pinpaigongyu/30523808824520x.shtml
【整租】西乡 直达梧桐岛 独栋 1室0厅,直达梧桐岛,2180,http://sz.58.com/pinpaigongyu/30521282744130x.shtml
【整租】梅林关口 鑫茂公寓 2室1厅,【整租】梅林关口,4000,http://sz.58.com/pinpaigongyu/30387925338549x.shtml
【整租】福永 福永地铁站 1室1厅,福永地铁站,2380,http://sz.58.com/pinpaigongyu/30288513495373x.shtml
【整租】留医部 怡泰大厦 1室1厅,怡泰大厦,2900,http://sz.58.com/pinpaigongyu/30411145822028x.shtml
【整租】西丽 留仙公馆 1室0厅,留仙公馆,2180,http://sz.58.com/pinpaigongyu/30279597152185x.shtml
【整租】八卦岭 八卦岭鹏基公寓 1室0厅,【整租】八卦岭,3880,http://sz.58.com/pinpaigongyu/30336956116687x.shtml
【整租】东门 怡泰大厦 1室1厅,怡泰大厦,2900,http://sz.58.com/pinpaigongyu/30460915706063x.shtml
【整租】西乡 固戍 阳台独卫 1室1厅,固戍,2880,http://sz.58.com/pinpaigongyu/30521251860151x.shtml
【整租】布吉街 星窝创客公寓 1室1厅,【整租】布吉街,2680,http://sz.58.com/pinpaigongyu/30488456231502x.shtml
【整租】西丽 文光村 1室0厅,文光村,2380,http://sz.58.com/pinpaigongyu/30044877276471x.shtml
【整租】魔方公寓（深圳） 龙华 利金城店,龙华,2400-2800,http://sz.58.com/pinpaigongyu/30533504725300x.shtml
【合租】华侨城 碧茵苑 1室主卧,碧茵苑,2200,http://sz.58.com/pinpaigongyu/29670977900363x.shtml
【合租】新洲 锦河苑 5室次卧,锦河苑,2099,http://sz.58.com/pinpaigongyu/30238131761972x.shtml
【整租】西丽 文光村 1室0厅,文光村,2380,http://sz.58.com/pinpaigongyu/30443436647102x.shtml
【整租】魔方公寓（深圳） 桃源村 桃源店,桃源村,3200-3800,http://sz.58.com/pinpaigongyu/30288526771004x.shtml
【整租】洪湖 田贝花园 1室0厅,田贝花园,2300,http://sz.58.com/pinpaigongyu/30336019660750x.shtml
【整租】魔方公寓（深圳） 坂田 杨美店,坂田,2300-2600,http://sz.58.com/pinpaigongyu/30332863095862x.shtml
【整租】西乡 桃源居 2室1厅,桃源居,3500,http://sz.58.com/pinpaigongyu/30089360947269x.shtml
【整租】洪湖 田贝花园 1室0厅,田贝花园,2300,http://sz.58.com/pinpaigongyu/30232762728271x.shtml
【整租】吾家公寓 八卦岭 吾家社区,八卦岭,3680-3880,http://sz.58.com/pinpaigongyu/30523808824520x.shtml
【整租】科技园 九号公寓 1室0厅,【整租】科技园,2500,http://sz.58.com/pinpaigongyu/30390010663623x.shtml
【整租】莱蒙水榭春天 海宁公馆 1室1厅,海宁公馆,4000,http://sz.58.com/pinpaigongyu/30347162994876x.shtml
【整租】福永 福永地铁站 1室1厅,福永地铁站,2380,http://sz.58.com/pinpaigongyu/30289618585936x.shtml
【整租】西乡 YT公寓 1室1厅,【整租】西乡,2080,http://sz.58.com/pinpaigongyu/30406283024710x.shtml
【整租】西乡 ONE壹公寓 1室1厅,【整租】西乡,2600,http://sz.58.com/pinpaigongyu/30081854937790x.shtml
【整租】西乡 ONE壹公寓 1室1厅,【整租】西乡,2200,http://sz.58.com/pinpaigongyu/30104269706316x.shtml
【整租】西乡 豪景苑旁 带装修 1室0厅,豪景苑旁,2180,http://sz.58.com/pinpaigongyu/30533382514345x.shtml
【整租】西乡 直达梧桐岛 独卫 1室1厅,直达梧桐岛,2880,http://sz.58.com/pinpaigongyu/30488298879674x.shtml
【整租】西乡 ONE壹公寓 1室1厅,【整租】西乡,2080,http://sz.58.com/pinpaigongyu/30091753111338x.shtml
【整租】西丽 文光村 1室0厅,文光村,2480,http://sz.58.com/pinpaigongyu/30249401279040x.shtml
【整租】魔方公寓（深圳） 龙华 利金城店,龙华,2400-3000,http://sz.58.com/pinpaigongyu/30335529343301x.shtml
【整租】魔方公寓（深圳） 坂田 坂田店,坂田,2100-2800,http://sz.58.com/pinpaigongyu/29836937617196x.shtml
【整租】魔方公寓（深圳） 蛇口 四海公园店,蛇口,3000-3800,http://sz.58.com/pinpaigongyu/30134447269826x.shtml
【合租】华侨城 世界花园樱花居 4室次卧,世界花园樱花居,2400,http://sz.58.com/pinpaigongyu/30155710804032x.shtml
【整租】魔方公寓（深圳） 龙华 利金城店,龙华,2400-2800,http://sz.58.com/pinpaigongyu/30533504725300x.shtml
【合租】南油 金海岸 3室主卧,金海岸,2000,http://sz.58.com/pinpaigongyu/30456539402666x.shtml
【合租】后海 蔚蓝海岸三期 4室主卧,蔚蓝海岸三期,2090,http://sz.58.com/pinpaigongyu/30314537213774x.shtml
【整租】水贝 田贝新村 2室1厅,田贝新村,3496,http://sz.58.com/pinpaigongyu/30060237448760x.shtml
【整租】魔方公寓（深圳） 龙华 利金城店,龙华,2350-3000,http://sz.58.com/pinpaigongyu/30478984344517x.shtml
【整租】吾家公寓 八卦岭 吾家社区,八卦岭,3680-3880,http://sz.58.com/pinpaigongyu/30523808824520x.shtml
【整租】民治 鑫海公寓 2室1厅,【整租】民治,3800,http://sz.58.com/pinpaigongyu/30346673493438x.shtml
【整租】西丽 君悦居 1室1厅,君悦居,2100,http://sz.58.com/pinpaigongyu/30222681927359x.shtml
【整租】深圳北站 鑫茂公寓 2室1厅,【整租】深圳北站,4000,http://sz.58.com/pinpaigongyu/30387881362745x.shtml
【整租】西乡 固戍华庭旁 1室0厅,固戍华庭旁,2180,http://sz.58.com/pinpaigongyu/30423099321152x.shtml
【整租】西乡 ONE壹公寓 1室1厅,【整租】西乡,2080,http://sz.58.com/pinpaigongyu/30068097976121x.shtml
【整租】罗湖区委 农机大院 1室1厅,农机大院,2000,http://sz.58.com/pinpaigongyu/30471654901575x.shtml
【整租】西乡 ONE壹公寓 1室0厅,【整租】西乡,2450,http://sz.58.com/pinpaigongyu/30057115868875x.shtml
【整租】福永 福永 1室1厅,福永,2580,http://sz.58.com/pinpaigongyu/30222720823499x.shtml
【整租】西乡 ONE壹公寓 1室1厅,【整租】西乡,2600,http://sz.58.com/pinpaigongyu/30070242104250x.shtml
【整租】民治 中航天逸 1室0厅,中航天逸,2680,http://sz.58.com/pinpaigongyu/30388085059517x.shtml
【整租】魔方公寓（深圳） 龙华 利金城店,龙华,2400-3000,http://sz.58.com/pinpaigongyu/30335529343301x.shtml
【整租】西乡 桃源居 2室1厅,桃源居,3500,http://sz.58.com/pinpaigongyu/30222628491834x.shtml
【整租】魔方公寓（深圳） 民治 万众城店,民治,2800-3900,http://sz.58.com/pinpaigongyu/30380200505661x.shtml
【整租】福永 万科泊寓福永店 1室0厅,万科泊寓福永店,2158,http://sz.58.com/pinpaigongyu/30047692501180x.shtml
【整租】魔方公寓（深圳） 龙华 利金城店,龙华,2400-2800,http://sz.58.com/pinpaigongyu/30533504725300x.shtml
【整租】洪湖 田贝花园 1室0厅,田贝花园,2300,http://sz.58.com/pinpaigongyu/30100639186894x.shtml
【整租】水贝 田贝新村 2室1厅,田贝新村,3498,http://sz.58.com/pinpaigongyu/30366089284268x.shtml
【整租】魔方公寓（深圳） 坂田 坂田店,坂田,2200-3000,http://sz.58.com/pinpaigongyu/30368153522235x.shtml
【整租】魔方公寓（深圳） 民治 万众城店,民治,2600-3300,http://sz.58.com/pinpaigongyu/30467274123323x.shtml
【整租】吾家公寓 八卦岭 吾家社区,八卦岭,3680-3880,http://sz.58.com/pinpaigongyu/30523808824520x.shtml
【整租】布吉关 星窝创客公寓 1室1厅,【整租】布吉关,2380,http://sz.58.com/pinpaigongyu/30476165729483x.shtml
【整租】科技园 涵馆公寓 1室0厅,【整租】科技园,2600,http://sz.58.com/pinpaigongyu/30432841980877x.shtml
【整租】西丽 深海公寓 1室0厅,【整租】西丽,2180,http://sz.58.com/pinpaigongyu/30523894438954x.shtml
【整租】西乡 ONE壹公寓 1室1厅,【整租】西乡,2392,http://sz.58.com/pinpaigongyu/30057206788032x.shtml
【整租】深圳北站 鑫茂公寓 1室1厅,【整租】深圳北站,3200,http://sz.58.com/pinpaigongyu/30388084252990x.shtml
【整租】梅林关口 鑫茂公寓 1室0厅,【整租】梅林关口,2200,http://sz.58.com/pinpaigongyu/30388037571021x.shtml
【整租】平湖 花半里欣悦广场 1室1厅,花半里欣悦广场,2380,http://sz.58.com/pinpaigongyu/30478514082474x.shtml
【整租】西乡 ONE壹公寓 1室1厅,【整租】西乡,2200,http://sz.58.com/pinpaigongyu/30080412531641x.shtml
【整租】西乡 ONE壹公寓 1室1厅,【整租】西乡,2600,http://sz.58.com/pinpaigongyu/30091733568825x.shtml
【合租】华侨城 世界花园樱花居 5室主卧,世界花园樱花居,2200,http://sz.58.com/pinpaigongyu/30446769622069x.shtml
【整租】魔方公寓（深圳） 龙华 利金城店,龙华,2400-3000,http://sz.58.com/pinpaigongyu/30335529343301x.shtml
【整租】民治 中航天逸 1室1厅,中航天逸,2600,http://sz.58.com/pinpaigongyu/30443521514033x.shtml
【整租】洪湖 田贝花园 1室0厅,田贝花园,2300,http://sz.58.com/pinpaigongyu/30177412354616x.shtml
【合租】石厦 众孚大厦 4室主卧,众孚大厦,2690,http://sz.58.com/pinpaigongyu/30314531144490x.shtml
【整租】魔方公寓（深圳） 龙华 利金城店,龙华,2400-2800,http://sz.58.com/pinpaigongyu/30533504725300x.shtml
【整租】魔方公寓（深圳） 桃源村 桃源店,桃源村,3000-4000,http://sz.58.com/pinpaigongyu/30169338003510x.shtml
【整租】魔方公寓（深圳） 坂田 坂田店,坂田,2400-3200,http://sz.58.com/pinpaigongyu/30491178847932x.shtml
【整租】下水径 地铁A出口 1室0厅,地铁A出口,2000,http://sz.58.com/pinpaigongyu/30278113379774x.shtml
【整租】魔方公寓（深圳） 坂田 杨美店,坂田,2200-2700,http://sz.58.com/pinpaigongyu/30312876951850x.shtml
【整租】吾家公寓 八卦岭 吾家社区,八卦岭,3680-3880,http://sz.58.com/pinpaigongyu/30523808824520x.shtml
【整租】西乡 ONE壹公寓 1室1厅,【整租】西乡,2392,http://sz.58.com/pinpaigongyu/30057313244733x.shtml
【整租】西乡 直达梧桐岛 安静 1室1厅,直达梧桐岛,2880,http://sz.58.com/pinpaigongyu/30466648780993x.shtml
【整租】福永 福永地铁站 1室1厅,福永地铁站,2180,http://sz.58.com/pinpaigongyu/30268624011831x.shtml
【整租】西乡 ONE壹公寓 1室0厅,【整租】西乡,2500,http://sz.58.com/pinpaigongyu/30070224590378x.shtml
【整租】梅林关口 鑫茂公寓 1室1厅,【整租】梅林关口,3500,http://sz.58.com/pinpaigongyu/30388162964137x.shtml
【合租】翻身路 常盛花园 3室主卧,常盛花园,2050,http://sz.58.com/pinpaigongyu/30491312156989x.shtml
【合租】科技园 汇景豪苑 3室主卧,汇景豪苑,2500,http://sz.58.com/pinpaigongyu/30498894977479x.shtml
【整租】大芬村 星窝创客公寓 1室1厅,【整租】大芬村,2980,http://sz.58.com/pinpaigongyu/30488490273476x.shtml
【整租】留医部 怡泰大厦 1室1厅,怡泰大厦,2900,http://sz.58.com/pinpaigongyu/30465462223175x.shtml
【整租】水贝 田贝花园 1室0厅,田贝花园,2298,http://sz.58.com/pinpaigongyu/30288342748996x.shtml
【整租】魔方公寓（深圳） 龙华 利金城店,龙华,2400-3000,http://sz.58.com/pinpaigongyu/30335529343301x.shtml
【整租】魔方公寓（深圳） 龙华 利金城店,龙华,2500-2900,http://sz.58.com/pinpaigongyu/30400816492331x.shtml
【整租】魔方公寓（深圳） 坂田 坂田店,坂田,2460-2900,http://sz.58.com/pinpaigongyu/30390795111094x.shtml
【整租】洪湖 田贝花园 1室0厅,田贝花园,2300,http://sz.58.com/pinpaigongyu/30188538825798x.shtml
【整租】魔方公寓（深圳） 龙华 利金城店,龙华,2400-2800,http://sz.58.com/pinpaigongyu/30533504725300x.shtml
【合租】华侨城 新浩城花园 5室次卧,新浩城花园,2000,http://sz.58.com/pinpaigongyu/30271092477106x.shtml
【合租】华侨城 荔园新村 4室主卧,荔园新村,2499,http://sz.58.com/pinpaigongyu/30382159587891x.shtml
【整租】魔方公寓（深圳） 国贸 魔方公寓国贸店,国贸,2900-3500,http://sz.58.com/pinpaigongyu/30022563120589x.shtml
【整租】人民南 新银座大厦 2室1厅,新银座大厦,3600,http://sz.58.com/pinpaigongyu/30101133076011x.shtml
【整租】吾家公寓 八卦岭 吾家社区,八卦岭,3680-3880,http://sz.58.com/pinpaigongyu/30523808824520x.shtml
【整租】科技园 盘古天地.乐寓 1室0厅,盘古天地.乐寓,2500,http://sz.58.com/pinpaigongyu/30081492546867x.shtml
【整租】科技园 涵馆 1室0厅,涵馆,2600,http://sz.58.com/pinpaigongyu/30433373812546x.shtml
【合租】宝安中心区 德邻雅筑 3室主卧,德邻雅筑,2350,http://sz.58.com/pinpaigongyu/30491311376831x.shtml
【整租】西乡 ONE壹公寓 1室1厅,【整租】西乡,2300,http://sz.58.com/pinpaigongyu/30081818592454x.shtml
【整租】西乡 径贝新村旁 1室1厅,径贝新村旁,2880,http://sz.58.com/pinpaigongyu/30423584228531x.shtml
【整租】梅林关口 鑫茂公寓 1室0厅,【整租】梅林关口,2980,http://sz.58.com/pinpaigongyu/30387959259726x.shtml
【整租】翠竹 怡泰大厦 1室1厅,怡泰大厦,2900,http://sz.58.com/pinpaigongyu/30460866407625x.shtml
【整租】罗湖区委 农机大院 1室1厅,农机大院,2000,http://sz.58.com/pinpaigongyu/30471667405624x.shtml
【整租】福永 V客 1室0厅,V客,2180,http://sz.58.com/pinpaigongyu/30434572578894x.shtml
【整租】魔方公寓（深圳） 民治 万众城店,民治,2300-3800,http://sz.58.com/pinpaigongyu/30411981790004x.shtml
【整租】魔方公寓（深圳） 龙华 利金城店,龙华,2400-3000,http://sz.58.com/pinpaigongyu/30335529343301x.shtml
【合租】华侨城 世界花园雅兰居 3室主卧,世界花园雅兰居,2699,http://sz.58.com/pinpaigongyu/30304503017679x.shtml
【整租】沙头角 中信海滨花园 1室1厅,中信海滨花园,2480,http://sz.58.com/pinpaigongyu/30137708505139x.shtml
【整租】魔方公寓（深圳） 坂田 坂田店,坂田,2300-3000,http://sz.58.com/pinpaigongyu/30191948482625x.shtml
【整租】魔方公寓（深圳） 龙华 利金城店,龙华,2400-2800,http://sz.58.com/pinpaigongyu/30533504725300x.shtml
【合租】蛇口 汇宾广场 3室主卧,汇宾广场,2100,http://sz.58.com/pinpaigongyu/30388802803641x.shtml
【整租】魔方公寓（深圳） 龙华 利金城店,龙华,2300-3500,http://sz.58.com/pinpaigongyu/29680086919743x.shtml
【整租】洪湖 田贝花园 1室0厅,田贝花园,2300,http://sz.58.com/pinpaigongyu/30310849494210x.shtml
【合租】后海 天海花园 3室主卧,天海花园,2300,http://sz.58.com/pinpaigongyu/30456503888455x.shtml
【整租】吾家公寓 八卦岭 吾家社区,八卦岭,3680-3880,http://sz.58.com/pinpaigongyu/30523808824520x.shtml
【整租】科技园 九号公寓 1室0厅,【整租】科技园,2500,http://sz.58.com/pinpaigongyu/30123617148480x.shtml
【整租】国贸 怡泰大厦 1室1厅,怡泰大厦,2900,http://sz.58.com/pinpaigongyu/30466311568566x.shtml
【整租】科技园 九号公寓 1室1厅,【整租】科技园,2500,http://sz.58.com/pinpaigongyu/30123643472191x.shtml
【整租】西乡 万象新天附近 1室1厅,万象新天附近,2880,http://sz.58.com/pinpaigongyu/30410914894390x.shtml
【整租】西乡 ONE壹公寓 1室1厅,【整租】西乡,2450,http://sz.58.com/pinpaigongyu/30070242920522x.shtml
【整租】西丽 留仙洞电梯公寓 1室0厅,【整租】西丽,2180,http://sz.58.com/pinpaigongyu/30523576596921x.shtml
【整租】梅林关口 鑫茂公寓 1室1厅,【整租】梅林关口,3200,http://sz.58.com/pinpaigongyu/30387867162191x.shtml
【整租】西乡 豪景苑旁 带装修 1室1厅,豪景苑旁,3580,http://sz.58.com/pinpaigongyu/30477337878314x.shtml
【整租】科技园 九号公寓 1室0厅,【整租】科技园,2500,http://sz.58.com/pinpaigongyu/30390563358267x.shtml
【整租】笋岗 红桂皇冠名庭 1室0厅,红桂皇冠名庭,3299,http://sz.58.com/pinpaigongyu/30068953417038x.shtml
【整租】魔方公寓（深圳） 龙华 利金城店,龙华,2400-3000,http://sz.58.com/pinpaigongyu/30335529343301x.shtml
【合租】华侨城 碧茵苑 1室主卧,碧茵苑,2300,http://sz.58.com/pinpaigongyu/29671042096950x.shtml
【整租】洪湖 田贝花园 1室0厅,田贝花园,2300,http://sz.58.com/pinpaigongyu/30369908969149x.shtml
【整租】魔方公寓（深圳） 民治 万众城店,民治,2600-3300,http://sz.58.com/pinpaigongyu/30467280747727x.shtml
【整租】魔方公寓（深圳） 龙华 利金城店,龙华,2400-2800,http://sz.58.com/pinpaigongyu/30533504725300x.shtml
【合租】蛇口 广物花园 3室主卧,广物花园,2090,http://sz.58.com/pinpaigongyu/30314368936902x.shtml
【整租】田贝 田贝花园 1室0厅,田贝花园,2500,http://sz.58.com/pinpaigongyu/30104437351603x.shtml
【合租】华侨城 荔园新村 5室次卧,荔园新村,2200,http://sz.58.com/pinpaigongyu/30521533852362x.shtml
【整租】莲塘 畔山花园 1室1厅,畔山花园,2480,http://sz.58.com/pinpaigongyu/29959787920331x.shtml
【整租】吾家公寓 八卦岭 吾家社区,八卦岭,3680-3880,http://sz.58.com/pinpaigongyu/30523808824520x.shtml
【整租】西丽 留仙洞公寓 1室0厅,【整租】西丽,2180,http://sz.58.com/pinpaigongyu/30523917209027x.shtml
【整租】八卦岭 八卦岭鹏基公寓 1室0厅,【整租】八卦岭,3880,http://sz.58.com/pinpaigongyu/30335554012738x.shtml
【整租】西乡 科技园 简客公寓 1室0厅,科技园,2180,http://sz.58.com/pinpaigongyu/30421322945599x.shtml
【合租】宝安中心区 丽晶国际 3室主卧,丽晶国际,2150,http://sz.58.com/pinpaigongyu/30491221256513x.shtml
【整租】西乡 ONE壹公寓 1室0厅,【整租】西乡,2700,http://sz.58.com/pinpaigongyu/30081876963122x.shtml
【整租】科技园 九号公寓 1室0厅,【整租】科技园,2500,http://sz.58.com/pinpaigongyu/30269213780427x.shtml
【整租】平湖 花半里欣悦广场 1室1厅,花半里欣悦广场,2380,http://sz.58.com/pinpaigongyu/30269259716930x.shtml
【整租】科技园 九号公寓 1室0厅,【整租】科技园,2500,http://sz.58.com/pinpaigongyu/30123557652293x.shtml
【整租】西乡 ONE壹公寓 1室1厅,【整租】西乡,2200,http://sz.58.com/pinpaigongyu/30091823154123x.shtml
【合租】华侨城 荔园新村 5室次卧,荔园新村,2200,http://sz.58.com/pinpaigongyu/30521533852362x.shtml
【整租】魔方公寓（深圳） 龙华 利金城店,龙华,2400-3400,http://sz.58.com/pinpaigongyu/30312928488505x.shtml
【整租】沙头角 中信海滨花园 1室1厅,中信海滨花园,2680,http://sz.58.com/pinpaigongyu/30433402104248x.shtml
【合租】竹子林 竹林花园 5室次卧,竹林花园,2200,http://sz.58.com/pinpaigongyu/30155794769330x.shtml
【合租】华侨城 荔园新村 7室次卧,荔园新村,2100,http://sz.58.com/pinpaigongyu/30040969499698x.shtml
【整租】魔方公寓（深圳） 龙华 利金城店,龙华,2400-3000,http://sz.58.com/pinpaigongyu/30335529343301x.shtml
【整租】蛇口 栖游记 1室1厅,栖游记,3600,http://sz.58.com/pinpaigongyu/30114936286649x.shtml
【合租】新洲 锦河苑 5室主卧,锦河苑,2300,http://sz.58.com/pinpaigongyu/30245872195004x.shtml
【整租】西丽 文光村 1室0厅,文光村,2380,http://sz.58.com/pinpaigongyu/30479893429307x.shtml
【整租】田贝 田贝花园 1室0厅,田贝花园,2300,http://sz.58.com/pinpaigongyu/30332370455609x.shtml
